{
  "metadata": {
    "source": "HRSA Data Downloads (ORG_OTC_FCT_DET.xlsx)",
    "fetched_at": "2026-02-20T04:51:16.822Z",
    "total_opos": 57,
    "total_transplant_centers": 251
  },
  "opos": [
    {
      "dsa_code": "ALOB",
      "name": "Alabama Organ Center",
      "provider_number": "01P001",
      "city": "Birmingham",
      "address": "502 20th St S",
      "state": "AL",
      "zip": "35233-2028",
      "phone": "205-731-9200",
      "transplant_centers": [
        {
          "name": "Children's of Alabama",
          "code": "ALCH",
          "city": "Birmingham",
          "services": [
            "Kidney",
            "Liver",
            "Heart"
          ]
        },
        {
          "name": "University of Alabama Hospital",
          "code": "ALUA",
          "city": "Birmingham",
          "services": [
            "Kidney",
            "Pancreas",
            "Pancreas Islet",
            "Liver",
            "Intestine",
            "Heart",
            "Lung"
          ]
        },
        {
          "name": "Birmingham VA Medical Center",
          "code": "ALVA",
          "city": "Birmingham",
          "services": [
            "Kidney"
          ]
        }
      ]
    },
    {
      "dsa_code": "AROR",
      "name": "Arkansas Regional Organ Recovery Agency",
      "provider_number": "04P001",
      "city": "Little Rock",
      "address": "1701 Aldersgate Rd Ste 4",
      "state": "AR",
      "zip": "72205-6675",
      "phone": "501-907-9150",
      "transplant_centers": [
        {
          "name": "Baptist Medical Center",
          "code": "ARBH",
          "city": "Little Rock",
          "services": [
            "Heart"
          ]
        },
        {
          "name": "Arkansas Children's Hospital",
          "code": "ARCH",
          "city": "Little Rock",
          "services": [
            "Kidney",
            "Heart"
          ]
        },
        {
          "name": "UAMS Medical Center",
          "code": "ARUA",
          "city": "Little Rock",
          "services": [
            "Kidney",
            "Liver"
          ]
        }
      ]
    },
    {
      "dsa_code": "AZOB",
      "name": "Donor Network of Arizona",
      "provider_number": "03P001",
      "city": "Phoenix",
      "address": "201 W Coolidge St",
      "state": "AZ",
      "zip": "85013-2710",
      "phone": "602-222-2200",
      "transplant_centers": [
        {
          "name": "Phoenix Children's Hospital",
          "code": "AZCH",
          "city": "Phoenix",
          "services": [
            "Kidney",
            "Liver",
            "Heart"
          ]
        },
        {
          "name": "Banner-University Medical Center Phoenix",
          "code": "AZGS",
          "city": "Phoenix",
          "services": [
            "Kidney",
            "Pancreas",
            "Liver"
          ]
        },
        {
          "name": "Mayo Clinic Hospital",
          "code": "AZMC",
          "city": "Phoenix",
          "services": [
            "Kidney",
            "Pancreas",
            "Liver",
            "Heart",
            "Vascularized Composite Allograft (VCA)"
          ]
        },
        {
          "name": "St. Joseph's Hospital and Medical Center",
          "code": "AZSJ",
          "city": "Phoenix",
          "services": [
            "Kidney",
            "Liver",
            "Lung"
          ]
        },
        {
          "name": "Banner University Medical Center-Tucson",
          "code": "AZUA",
          "city": "Phoenix",
          "services": [
            "Kidney",
            "Pancreas",
            "Liver",
            "Intestine",
            "Heart",
            "Lung"
          ]
        }
      ]
    },
    {
      "dsa_code": "CADN",
      "name": "Donor Network West",
      "provider_number": "05P005",
      "city": "San Ramon",
      "address": "12667 Alcosta Blvd Ste 500",
      "state": "CA",
      "zip": "94583-4427",
      "phone": "888-570-9400",
      "transplant_centers": [
        {
          "name": "UCSF Medical Center at Mission Bay",
          "code": "CAMB",
          "city": "San Ramon",
          "services": [
            "Kidney",
            "Pancreas",
            "Liver",
            "Heart"
          ]
        },
        {
          "name": "Lucile Salter Packard Children's Hospital at Stanford",
          "code": "CAPC",
          "city": "San Ramon",
          "services": [
            "Kidney",
            "Pancreas",
            "Liver",
            "Intestine",
            "Heart",
            "Lung"
          ]
        },
        {
          "name": "California Pacific Medical Center",
          "code": "CAPM",
          "city": "San Ramon",
          "services": [
            "Kidney",
            "Pancreas",
            "Liver",
            "Heart"
          ]
        },
        {
          "name": "University of California San Francisco Medical Center",
          "code": "CASF",
          "city": "San Ramon",
          "services": [
            "Kidney",
            "Pancreas",
            "Pancreas Islet",
            "Liver",
            "Intestine",
            "Heart",
            "Lung"
          ]
        },
        {
          "name": "Stanford Health Care",
          "code": "CASU",
          "city": "San Ramon",
          "services": [
            "Kidney",
            "Pancreas",
            "Liver",
            "Intestine",
            "Heart",
            "Lung"
          ]
        }
      ]
    },
    {
      "dsa_code": "CAGS",
      "name": "Sierra Donor Services",
      "provider_number": "05P004",
      "city": "West Sacramento",
      "address": "3940 Industrial Blvd",
      "state": "CA",
      "zip": "95691-6505",
      "phone": "916-567-1600",
      "transplant_centers": [
        {
          "name": "Sutter Meidcal Center Sacramento",
          "code": "CASG",
          "city": "West Sacramento",
          "services": [
            "Heart"
          ]
        },
        {
          "name": "University of California Davis Medical Center",
          "code": "CASM",
          "city": "West Sacramento",
          "services": [
            "Kidney",
            "Pancreas",
            "Heart"
          ]
        }
      ]
    },
    {
      "dsa_code": "CAOP",
      "name": "OneLegacy",
      "provider_number": "05P003",
      "city": "Los Angeles",
      "address": "221 S Figueroa St Ste 500",
      "state": "CA",
      "zip": "90012-2526",
      "phone": "213-229-5600",
      "transplant_centers": [
        {
          "name": "Childrens Hospital Los Angeles",
          "code": "CACL",
          "city": "Los Angeles",
          "services": [
            "Kidney",
            "Pancreas",
            "Liver",
            "Intestine",
            "Heart"
          ]
        },
        {
          "name": "Cedars-Sinai Medical Center",
          "code": "CACS",
          "city": "Los Angeles",
          "services": [
            "Kidney",
            "Liver",
            "Heart",
            "Lung"
          ]
        },
        {
          "name": "City of Hope National Medical Center",
          "code": "CAHP",
          "city": "Los Angeles",
          "services": [
            "Pancreas Islet"
          ]
        },
        {
          "name": "University of California Irvine Medical Center",
          "code": "CAIM",
          "city": "Los Angeles",
          "services": [
            "Kidney",
            "Pancreas"
          ]
        },
        {
          "name": "Harbor UCLA Medical Center",
          "code": "CALA",
          "city": "Los Angeles",
          "services": [
            "Kidney",
            "Pancreas Islet"
          ]
        },
        {
          "name": "Loma Linda University Medical Center",
          "code": "CALL",
          "city": "Los Angeles",
          "services": [
            "Kidney",
            "Pancreas",
            "Liver",
            "Heart"
          ]
        },
        {
          "name": "Riverside Community Hospital",
          "code": "CARC",
          "city": "Los Angeles",
          "services": [
            "Kidney"
          ]
        },
        {
          "name": "Saint Joseph Hospital",
          "code": "CASJ",
          "city": "Los Angeles",
          "services": [
            "Kidney"
          ]
        },
        {
          "name": "St. Vincent Medical Center",
          "code": "CASV",
          "city": "Los Angeles",
          "services": [
            "Kidney",
            "Pancreas"
          ]
        },
        {
          "name": "University of California at Los Angeles Medical Center",
          "code": "CAUC",
          "city": "Los Angeles",
          "services": [
            "Kidney",
            "Pancreas",
            "Liver",
            "Intestine",
            "Heart",
            "Lung",
            "Vascularized Composite Allograft (VCA)"
          ]
        },
        {
          "name": "Keck Hospital of USC",
          "code": "CAUH",
          "city": "Los Angeles",
          "services": [
            "Kidney",
            "Pancreas",
            "Liver",
            "Heart",
            "Lung"
          ]
        }
      ]
    },
    {
      "dsa_code": "CASD",
      "name": "Lifesharing - A Donate Life Organization",
      "provider_number": "05P001",
      "city": "San Diego",
      "address": "7436 Mission Valley Rd",
      "state": "CA",
      "zip": "92108-4406",
      "phone": "619-543-7225",
      "transplant_centers": [
        {
          "name": "Rady Children's Hospital and Health Center",
          "code": "CACH",
          "city": "San Diego",
          "services": [
            "Kidney",
            "Heart"
          ]
        },
        {
          "name": "Scripps Green Hospital",
          "code": "CAGH",
          "city": "San Diego",
          "services": [
            "Kidney",
            "Pancreas",
            "Liver"
          ]
        },
        {
          "name": "University of California San Diego Medical Center",
          "code": "CASD",
          "city": "San Diego",
          "services": [
            "Kidney",
            "Pancreas",
            "Liver",
            "Heart",
            "Lung"
          ]
        },
        {
          "name": "Sharp Memorial Hospital",
          "code": "CASH",
          "city": "San Diego",
          "services": [
            "Kidney",
            "Pancreas",
            "Heart"
          ]
        }
      ]
    },
    {
      "dsa_code": "CORS",
      "name": "Donor Alliance",
      "provider_number": "06P001",
      "city": "Denver",
      "address": "720 S Colorado Blvd Ste 800N",
      "state": "CO",
      "zip": "80246-1963",
      "phone": "303-329-4747",
      "transplant_centers": [
        {
          "name": "Children's Hospital Colorado",
          "code": "COCH",
          "city": "Denver",
          "services": [
            "Kidney",
            "Liver",
            "Heart"
          ]
        },
        {
          "name": "Centura Porter Adventist Hospital",
          "code": "COPM",
          "city": "Denver",
          "services": [
            "Kidney",
            "Pancreas",
            "Liver"
          ]
        },
        {
          "name": "Presbyterian/St Luke's Medical Center",
          "code": "COSL",
          "city": "Denver",
          "services": [
            "Kidney",
            "Liver"
          ]
        },
        {
          "name": "University of Colorado Hospital/Health Science Center",
          "code": "COUC",
          "city": "Denver",
          "services": [
            "Kidney",
            "Pancreas",
            "Liver",
            "Heart",
            "Lung"
          ]
        }
      ]
    },
    {
      "dsa_code": "DCTC",
      "name": "Washington Regional Transplant Community",
      "provider_number": "49P003",
      "city": "Falls Church",
      "address": "3190 Fairview Park Dr Ste 700",
      "state": "VA",
      "zip": "22042-4557",
      "phone": "703-641-0100",
      "transplant_centers": [
        {
          "name": "Children's National Medical Center",
          "code": "DCCH",
          "city": "Falls Church",
          "services": [
            "Kidney",
            "Heart"
          ]
        },
        {
          "name": "Georgetown University Medical Center",
          "code": "DCGU",
          "city": "Falls Church",
          "services": [
            "Kidney",
            "Pancreas",
            "Liver",
            "Intestine"
          ]
        },
        {
          "name": "George Washington University Hospital",
          "code": "DCGW",
          "city": "Falls Church",
          "services": [
            "Kidney"
          ]
        },
        {
          "name": "Washington Hospital Center",
          "code": "DCWH",
          "city": "Falls Church",
          "services": [
            "Heart"
          ]
        },
        {
          "name": "Walter Reed National Military Medical Center at Bethesda",
          "code": "DCWR",
          "city": "Falls Church",
          "services": [
            "Kidney"
          ]
        },
        {
          "name": "Inova Fairfax Hospital",
          "code": "VAFH",
          "city": "Falls Church",
          "services": [
            "Kidney",
            "Pancreas",
            "Heart",
            "Lung"
          ]
        }
      ]
    },
    {
      "dsa_code": "FLFH",
      "name": "TransLife",
      "provider_number": "10P003",
      "city": "Winter Park",
      "address": "1560 Orange Ave Ste 400",
      "state": "FL",
      "zip": "32789-5559",
      "phone": "407-644-3770",
      "transplant_centers": [
        {
          "name": "Florida Hospital Medical Center",
          "code": "FLFH",
          "city": "Winter Park",
          "services": [
            "Kidney",
            "Pancreas",
            "Liver",
            "Heart",
            "Lung"
          ]
        },
        {
          "name": "Halifax Medical Center",
          "code": "FLHM",
          "city": "Winter Park",
          "services": [
            "Kidney"
          ]
        }
      ]
    },
    {
      "dsa_code": "FLMP",
      "name": "Life Alliance Organ Recovery Agency",
      "provider_number": "10P002",
      "city": "Miami",
      "address": "1951 NW 7th Ave Ste 220",
      "state": "FL",
      "zip": "33136-1131",
      "phone": "305-243-7622",
      "transplant_centers": [
        {
          "name": "Broward General Medical Center",
          "code": "FLBC",
          "city": "Miami",
          "services": [
            "Liver"
          ]
        },
        {
          "name": "Cleveland Clinic Florida Weston",
          "code": "FLCC",
          "city": "Miami",
          "services": [
            "Kidney",
            "Liver",
            "Heart"
          ]
        },
        {
          "name": "Memorial Regional Hospital/Joe DiMaggio Children's Hospital",
          "code": "FLJD",
          "city": "Miami",
          "services": [
            "Heart"
          ]
        },
        {
          "name": "Jackson Memorial Hospital University of Miami School of Medicine",
          "code": "FLJM",
          "city": "Miami",
          "services": [
            "Kidney",
            "Pancreas",
            "Pancreas Islet",
            "Liver",
            "Intestine",
            "Heart",
            "Lung",
            "Vascularized Composite Allograft (VCA)"
          ]
        },
        {
          "name": "Memorial Regional Hospital",
          "code": "FLMR",
          "city": "Miami",
          "services": [
            "Kidney",
            "Heart"
          ]
        }
      ]
    },
    {
      "dsa_code": "FLUF",
      "name": "LifeQuest Organ Recovery Services",
      "provider_number": "10P004",
      "city": "Gainesville",
      "address": "720 SW 2nd Avenue, North Tower, Ste 570",
      "state": "FL",
      "zip": "32601",
      "phone": "352-733-0350",
      "transplant_centers": [
        {
          "name": "Sacred Heart Hospital Pensacola",
          "code": "FLSH",
          "city": "Gainesville",
          "services": [
            "Kidney"
          ]
        },
        {
          "name": "Mayo Clinic Florida",
          "code": "FLSL",
          "city": "Gainesville",
          "services": [
            "Kidney",
            "Pancreas",
            "Liver",
            "Heart",
            "Lung"
          ]
        },
        {
          "name": "UF Health Shands Hospital",
          "code": "FLUF",
          "city": "Gainesville",
          "services": [
            "Kidney",
            "Pancreas",
            "Liver",
            "Heart",
            "Lung"
          ]
        }
      ]
    },
    {
      "dsa_code": "FLWC",
      "name": "LifeLink of Florida",
      "provider_number": "10P001",
      "city": "Tampa",
      "address": "9961 Delaney Creek Blvd",
      "state": "FL",
      "zip": "33619",
      "phone": "813-253-2640",
      "transplant_centers": [
        {
          "name": "Johns Hopkins All Children's Hospital",
          "code": "FLAC",
          "city": "Tampa",
          "services": [
            "Heart"
          ]
        },
        {
          "name": "Gulf Coast Medical Center",
          "code": "FLFR",
          "city": "Tampa",
          "services": [
            "Kidney"
          ]
        },
        {
          "name": "Largo Medical Center",
          "code": "FLLM",
          "city": "Tampa",
          "services": [
            "Kidney",
            "Liver"
          ]
        },
        {
          "name": "Tampa General Hospital",
          "code": "FLTG",
          "city": "Tampa",
          "services": [
            "Kidney",
            "Pancreas",
            "Liver",
            "Heart",
            "Lung"
          ]
        }
      ]
    },
    {
      "dsa_code": "GALL",
      "name": "LifeLink of Georgia",
      "provider_number": "11P002",
      "city": "Peachtree Corners",
      "address": "2875 Northwoods Pkwy",
      "state": "GA",
      "zip": "30071-1535",
      "phone": "770-225-5465",
      "transplant_centers": [
        {
          "name": "Children's Healthcare of Atlanta at Egleston",
          "code": "GAEH",
          "city": "Peachtree Corners",
          "services": [
            "Kidney",
            "Liver",
            "Heart"
          ]
        },
        {
          "name": "Emory University Hospital",
          "code": "GAEM",
          "city": "Peachtree Corners",
          "services": [
            "Kidney",
            "Pancreas",
            "Pancreas Islet",
            "Liver",
            "Heart",
            "Lung"
          ]
        },
        {
          "name": "AU Medical Center, Inc.",
          "code": "GAMC",
          "city": "Peachtree Corners",
          "services": [
            "Kidney",
            "Pancreas"
          ]
        },
        {
          "name": "Piedmont Hospital",
          "code": "GAPH",
          "city": "Peachtree Corners",
          "services": [
            "Kidney",
            "Pancreas",
            "Liver",
            "Heart"
          ]
        }
      ]
    },
    {
      "dsa_code": "HIOP",
      "name": "Legacy of Life Hawaii",
      "provider_number": "12P001",
      "city": "Honolulu",
      "address": "405 N Kuakini St Ste 810",
      "state": "HI",
      "zip": "96817-6302",
      "phone": "808-599-7630",
      "transplant_centers": [
        {
          "name": "The Queen's Medical Center",
          "code": "HIQM",
          "city": "Honolulu",
          "services": [
            "Kidney",
            "Pancreas",
            "Liver"
          ]
        }
      ]
    },
    {
      "dsa_code": "IAOP",
      "name": "Iowa Donor Network",
      "provider_number": "16P001",
      "city": "North Liberty",
      "address": "550 N Madison Ave",
      "state": "IA",
      "zip": "52317-8401",
      "phone": "319-665-3787",
      "transplant_centers": [
        {
          "name": "Iowa Methodist Medical Center",
          "code": "IAIM",
          "city": "North Liberty",
          "services": [
            "Kidney"
          ]
        },
        {
          "name": "University of Iowa Hospitals and Clinics Transplant Programs",
          "code": "IAIV",
          "city": "North Liberty",
          "services": [
            "Kidney",
            "Pancreas",
            "Liver",
            "Heart",
            "Lung"
          ]
        },
        {
          "name": "Mercy Medical Center-Des Moines",
          "code": "IAMH",
          "city": "North Liberty",
          "services": [
            "Kidney",
            "Pancreas"
          ]
        },
        {
          "name": "The Iowa City VA Health Care System",
          "code": "IAVA",
          "city": "North Liberty",
          "services": [
            "Kidney"
          ]
        }
      ]
    },
    {
      "dsa_code": "ILIP",
      "name": "Gift of Hope Organ & Tissue Donor Network",
      "provider_number": "14P001",
      "city": "Itasca",
      "address": "425 Spring Lake Dr",
      "state": "IL",
      "zip": "60143-2076",
      "phone": "630-758-2600",
      "transplant_centers": [
        {
          "name": "Advocate Christ Medical Center",
          "code": "ILCH",
          "city": "Itasca",
          "services": [
            "Kidney",
            "Heart",
            "Lung"
          ]
        },
        {
          "name": "Ann & Robert H. Lurie Children's Hospital of Chicago",
          "code": "ILCM",
          "city": "Itasca",
          "services": [
            "Kidney",
            "Pancreas",
            "Liver",
            "Intestine",
            "Heart"
          ]
        },
        {
          "name": "Loyola University Medical Center",
          "code": "ILLU",
          "city": "Itasca",
          "services": [
            "Kidney",
            "Pancreas",
            "Liver",
            "Heart",
            "Lung"
          ]
        },
        {
          "name": "Memorial Medical Center",
          "code": "ILMM",
          "city": "Itasca",
          "services": [
            "Kidney",
            "Vascularized Composite Allograft (VCA)"
          ]
        },
        {
          "name": "Northwestern Memorial Hospital",
          "code": "ILNM",
          "city": "Itasca",
          "services": [
            "Kidney",
            "Pancreas",
            "Pancreas Islet",
            "Liver",
            "Intestine",
            "Heart",
            "Lung"
          ]
        },
        {
          "name": "Rush University Medical Center",
          "code": "ILPL",
          "city": "Itasca",
          "services": [
            "Kidney",
            "Pancreas",
            "Liver"
          ]
        },
        {
          "name": "OSF Saint Francis Medical Center",
          "code": "ILSF",
          "city": "Itasca",
          "services": [
            "Kidney",
            "Pancreas"
          ]
        },
        {
          "name": "University of Chicago Medical Center",
          "code": "ILUC",
          "city": "Itasca",
          "services": [
            "Kidney",
            "Pancreas",
            "Pancreas Islet",
            "Liver",
            "Intestine",
            "Heart",
            "Lung",
            "Vascularized Composite Allograft (VCA)"
          ]
        },
        {
          "name": "University of Illinois Medical Center",
          "code": "ILUI",
          "city": "Itasca",
          "services": [
            "Kidney",
            "Pancreas",
            "Pancreas Islet",
            "Liver",
            "Intestine",
            "Vascularized Composite Allograft (VCA)"
          ]
        }
      ]
    },
    {
      "dsa_code": "INOP",
      "name": "Indiana Donor Network",
      "provider_number": "15P001",
      "city": "Indianapolis",
      "address": "3760 Guion Rd Ste 201",
      "state": "IN",
      "zip": "46222-1618",
      "phone": "317-685-0389",
      "transplant_centers": [
        {
          "name": "Indiana University Health",
          "code": "INIM",
          "city": "Indianapolis",
          "services": [
            "Kidney",
            "Pancreas",
            "Liver",
            "Intestine",
            "Heart",
            "Lung"
          ]
        },
        {
          "name": "Lutheran Hospital of Fort Wayne",
          "code": "INLH",
          "city": "Indianapolis",
          "services": [
            "Kidney",
            "Heart"
          ]
        },
        {
          "name": "St Vincent Hospital and Health Care Center",
          "code": "INSV",
          "city": "Indianapolis",
          "services": [
            "Kidney",
            "Pancreas",
            "Heart"
          ]
        }
      ]
    },
    {
      "dsa_code": "KYDA",
      "name": "Kentucky Organ Donor Affiliates",
      "provider_number": "18P001",
      "city": "Louisville",
      "address": "10160 Linn Station Rd",
      "state": "KY",
      "zip": "40223-3813",
      "phone": "502-581-9511",
      "transplant_centers": [
        {
          "name": "Jewish Hospital",
          "code": "KYJH",
          "city": "Louisville",
          "services": [
            "Kidney",
            "Pancreas",
            "Liver",
            "Heart",
            "Lung",
            "Vascularized Composite Allograft (VCA)"
          ]
        },
        {
          "name": "Norton Children's Hospital",
          "code": "KYKC",
          "city": "Louisville",
          "services": [
            "Kidney",
            "Heart"
          ]
        },
        {
          "name": "University of Kentucky Medical Center",
          "code": "KYUK",
          "city": "Louisville",
          "services": [
            "Kidney",
            "Pancreas",
            "Liver",
            "Heart",
            "Lung"
          ]
        }
      ]
    },
    {
      "dsa_code": "LAOP",
      "name": "Louisiana Organ Procurement Agency",
      "provider_number": "19P001",
      "city": "Metairie",
      "address": "4441 N I 10 Service Rd W",
      "state": "LA",
      "zip": "70006-6535",
      "phone": "504-837-3355",
      "transplant_centers": [
        {
          "name": "Children's Hospital",
          "code": "LACH",
          "city": "Metairie",
          "services": [
            "Kidney"
          ]
        },
        {
          "name": "Ochsner Foundation Hospital",
          "code": "LAOF",
          "city": "Metairie",
          "services": [
            "Kidney",
            "Pancreas",
            "Liver",
            "Heart",
            "Lung"
          ]
        },
        {
          "name": "Tulane Medical Center",
          "code": "LATU",
          "city": "Metairie",
          "services": [
            "Kidney",
            "Pancreas",
            "Liver"
          ]
        },
        {
          "name": "Willis-Knighton Medical Center",
          "code": "LAWK",
          "city": "Metairie",
          "services": [
            "Kidney",
            "Pancreas",
            "Liver"
          ]
        }
      ]
    },
    {
      "dsa_code": "MAOB",
      "name": "New England Organ Bank",
      "provider_number": "22P001",
      "city": "Waltham",
      "address": "60 1st Ave",
      "state": "MA",
      "zip": "02451-1106",
      "phone": "617-244-8000",
      "transplant_centers": [
        {
          "name": "Massachusetts General Hospital",
          "code": "MAMG",
          "city": "Waltham",
          "services": [
            "Intestine",
            "Heart",
            "Lung",
            "Vascularized Composite Allograft (VCA)",
            "Kidney",
            "Pancreas",
            "Pancreas Islet",
            "Liver"
          ]
        },
        {
          "name": "Tufts Medical Center",
          "code": "MANM",
          "city": "Waltham",
          "services": [
            "Kidney",
            "Heart"
          ]
        },
        {
          "name": "Brigham and Women's Hospital",
          "code": "MAPB",
          "city": "Waltham",
          "services": [
            "Kidney",
            "Pancreas",
            "Heart",
            "Lung",
            "Vascularized Composite Allograft (VCA)"
          ]
        },
        {
          "name": "UMass Memorial Medical Center",
          "code": "MAUM",
          "city": "Waltham",
          "services": [
            "Kidney",
            "Pancreas",
            "Liver"
          ]
        },
        {
          "name": "Maine Medical Center",
          "code": "MEMC",
          "city": "Waltham",
          "services": [
            "Kidney"
          ]
        },
        {
          "name": "Mary Hitchcock Memorial Hospital",
          "code": "NHDH",
          "city": "Waltham",
          "services": [
            "Kidney"
          ]
        },
        {
          "name": "Rhode Island Hospital",
          "code": "RIRH",
          "city": "Waltham",
          "services": [
            "Kidney"
          ]
        },
        {
          "name": "Yale New Haven Hospital",
          "code": "CTYN",
          "city": "Waltham",
          "services": [
            "Kidney",
            "Liver",
            "Heart"
          ]
        },
        {
          "name": "Beth Israel Deaconess Medical Center",
          "code": "MABI",
          "city": "Waltham",
          "services": [
            "Kidney",
            "Pancreas",
            "Liver"
          ]
        },
        {
          "name": "Boston Medical Center",
          "code": "MABU",
          "city": "Waltham",
          "services": [
            "Kidney"
          ]
        },
        {
          "name": "Boston Children's Hospital",
          "code": "MACH",
          "city": "Waltham",
          "services": [
            "Kidney",
            "Pancreas",
            "Liver",
            "Intestine",
            "Heart",
            "Lung",
            "Vascularized Composite Allograft (VCA)"
          ]
        },
        {
          "name": "Lahey Clinic Medical Center",
          "code": "MALC",
          "city": "Waltham",
          "services": [
            "Kidney",
            "Liver"
          ]
        }
      ]
    },
    {
      "dsa_code": "MDPC",
      "name": "The Living Legacy Foundation of Maryland",
      "provider_number": "21P001",
      "city": "Baltimore",
      "address": "1730 Twin Springs Rd Ste 200",
      "state": "MD",
      "zip": "21227-3551",
      "phone": "410-242-7000",
      "transplant_centers": [
        {
          "name": "Johns Hopkins Hospital",
          "code": "MDJH",
          "city": "Baltimore",
          "services": [
            "Kidney",
            "Pancreas",
            "Liver",
            "Heart",
            "Lung",
            "Vascularized Composite Allograft (VCA)"
          ]
        },
        {
          "name": "University of Maryland Medical System",
          "code": "MDUM",
          "city": "Baltimore",
          "services": [
            "Kidney",
            "Pancreas",
            "Liver",
            "Heart",
            "Lung",
            "Vascularized Composite Allograft (VCA)"
          ]
        }
      ]
    },
    {
      "dsa_code": "MIOP",
      "name": "Gift of Life Michigan",
      "provider_number": "23P001",
      "city": "Ann Arbor",
      "address": "3861 Research Park Dr",
      "state": "MI",
      "zip": "48108-2217",
      "phone": "866-500-5801",
      "transplant_centers": [
        {
          "name": "William Beaumont Hospital",
          "code": "MIBH",
          "city": "Ann Arbor",
          "services": [
            "Kidney",
            "Liver"
          ]
        },
        {
          "name": "Children's Hospital of Michigan",
          "code": "MICH",
          "city": "Ann Arbor",
          "services": [
            "Kidney",
            "Liver",
            "Heart"
          ]
        },
        {
          "name": "Helen DeVos Children's Hospital",
          "code": "MIDV",
          "city": "Ann Arbor",
          "services": [
            "Kidney"
          ]
        },
        {
          "name": "Henry Ford Hospital",
          "code": "MIHF",
          "city": "Ann Arbor",
          "services": [
            "Kidney",
            "Pancreas",
            "Liver",
            "Intestine",
            "Heart",
            "Lung"
          ]
        },
        {
          "name": "Harper University Hospital Detroit Medical Center",
          "code": "MIHH",
          "city": "Ann Arbor",
          "services": [
            "Kidney"
          ]
        },
        {
          "name": "Spectrum Health",
          "code": "MISH",
          "city": "Ann Arbor",
          "services": [
            "Heart",
            "Lung"
          ]
        },
        {
          "name": "St John Hospital and Medical Center",
          "code": "MISJ",
          "city": "Ann Arbor",
          "services": [
            "Kidney"
          ]
        },
        {
          "name": "Mercy Health Saint Mary’s",
          "code": "MISM",
          "city": "Ann Arbor",
          "services": [
            "Kidney"
          ]
        },
        {
          "name": "University of Michigan Medical Center",
          "code": "MIUM",
          "city": "Ann Arbor",
          "services": [
            "Kidney",
            "Pancreas",
            "Liver",
            "Heart",
            "Lung",
            "Vascularized Composite Allograft (VCA)"
          ]
        }
      ]
    },
    {
      "dsa_code": "MNOP",
      "name": "LifeSource Upper Midwest Organ Procurement Organization",
      "provider_number": "24P001",
      "city": "Minneapolis",
      "address": "2225 W River Rd",
      "state": "MN",
      "zip": "55411-2228",
      "phone": "612-800-6100",
      "transplant_centers": [
        {
          "name": "Abbott Northwestern Hospital",
          "code": "MNAN",
          "city": "Minneapolis",
          "services": [
            "Kidney",
            "Heart"
          ]
        },
        {
          "name": "Hennepin County Medical Center",
          "code": "MNHC",
          "city": "Minneapolis",
          "services": [
            "Kidney"
          ]
        },
        {
          "name": "Rochester Methodist Hospital (Mayo Clinic)",
          "code": "MNMC",
          "city": "Minneapolis",
          "services": [
            "Kidney",
            "Pancreas",
            "Liver"
          ]
        },
        {
          "name": "Saint Marys Hospital (Mayo Clinic)",
          "code": "MNSM",
          "city": "Minneapolis",
          "services": [
            "Kidney",
            "Liver",
            "Heart",
            "Lung",
            "Vascularized Composite Allograft (VCA)"
          ]
        },
        {
          "name": "University of Minnesota Medical Center, Fairview",
          "code": "MNUM",
          "city": "Minneapolis",
          "services": [
            "Kidney",
            "Pancreas",
            "Pancreas Islet",
            "Liver",
            "Intestine",
            "Heart",
            "Lung"
          ]
        },
        {
          "name": "Sanford Bismarck Medical Center",
          "code": "NDMC",
          "city": "Minneapolis",
          "services": [
            "Kidney"
          ]
        },
        {
          "name": "Sanford Medical Center Fargo",
          "code": "NDSL",
          "city": "Minneapolis",
          "services": [
            "Kidney"
          ]
        },
        {
          "name": "Avera McKennan Hospital",
          "code": "SDMK",
          "city": "Minneapolis",
          "services": [
            "Kidney",
            "Pancreas",
            "Liver"
          ]
        },
        {
          "name": "Sanford Health/USD Medical Center",
          "code": "SDSV",
          "city": "Minneapolis",
          "services": [
            "Kidney"
          ]
        }
      ]
    },
    {
      "dsa_code": "MOMA",
      "name": "Mid-America Transplant Services",
      "provider_number": "26P002",
      "city": "Saint Louis",
      "address": "1110 Highlands Plaza Dr E Ste 100",
      "state": "MO",
      "zip": "63110-1350",
      "phone": "314-367-6767",
      "transplant_centers": [
        {
          "name": "Barnes-Jewish Hospital",
          "code": "MOBH",
          "city": "Saint Louis",
          "services": [
            "Kidney",
            "Pancreas",
            "Liver",
            "Intestine",
            "Heart",
            "Lung"
          ]
        },
        {
          "name": "Cardinal Glennon Children's Hospital",
          "code": "MOCG",
          "city": "Saint Louis",
          "services": [
            "Kidney",
            "Liver",
            "Heart"
          ]
        },
        {
          "name": "St. Louis Children's Hospital at Washington University Medical Center",
          "code": "MOCH",
          "city": "Saint Louis",
          "services": [
            "Kidney",
            "Liver",
            "Heart",
            "Lung"
          ]
        },
        {
          "name": "SSM Health Saint Louis University Hospital",
          "code": "MOSL",
          "city": "Saint Louis",
          "services": [
            "Kidney",
            "Pancreas",
            "Liver"
          ]
        }
      ]
    },
    {
      "dsa_code": "MSOP",
      "name": "Mississippi Organ Recovery Agency",
      "provider_number": "25P001",
      "city": "Flowood",
      "address": "4400 Lakeland Dr",
      "state": "MS",
      "zip": "39232-9522",
      "phone": "601-933-1000",
      "transplant_centers": [
        {
          "name": "University of Mississippi Medical Center",
          "code": "MSUM",
          "city": "Flowood",
          "services": [
            "Kidney",
            "Pancreas",
            "Liver",
            "Heart"
          ]
        }
      ]
    },
    {
      "dsa_code": "MWOB",
      "name": "Midwest Transplant Network",
      "provider_number": "17P001",
      "city": "Westwood",
      "address": "1900 W 47th Pl Ste 400",
      "state": "KS",
      "zip": "66205-1801",
      "phone": "913-262-1668",
      "transplant_centers": [
        {
          "name": "Children's Mercy Hospital",
          "code": "MOCM",
          "city": "Westwood",
          "services": [
            "Kidney",
            "Liver",
            "Intestine",
            "Heart"
          ]
        },
        {
          "name": "St Luke's Hospital of Kansas City",
          "code": "MOLH",
          "city": "Westwood",
          "services": [
            "Kidney",
            "Liver",
            "Heart"
          ]
        },
        {
          "name": "Research Medical Center",
          "code": "MORH",
          "city": "Westwood",
          "services": [
            "Kidney",
            "Pancreas"
          ]
        },
        {
          "name": "University of Missouri Hospital and Clinics",
          "code": "MOUM",
          "city": "Westwood",
          "services": [
            "Kidney"
          ]
        },
        {
          "name": "University of Kansas Hospital",
          "code": "KSUK",
          "city": "Westwood",
          "services": [
            "Kidney",
            "Pancreas",
            "Liver",
            "Heart"
          ]
        }
      ]
    },
    {
      "dsa_code": "NCCM",
      "name": "LifeShare of the Carolinas",
      "provider_number": "34P003",
      "city": "Charlotte",
      "address": "5000 Airport Center Pkwy Ste D",
      "state": "NC",
      "zip": "28208-5899",
      "phone": "704-512-3303",
      "transplant_centers": [
        {
          "name": "Carolinas Medical Center",
          "code": "NCCM",
          "city": "Charlotte",
          "services": [
            "Kidney",
            "Pancreas",
            "Liver",
            "Heart"
          ]
        }
      ]
    },
    {
      "dsa_code": "NCNC",
      "name": "Carolina Donor Services",
      "provider_number": "34P001",
      "city": "Greenville",
      "address": "909 E Arlington Blvd",
      "state": "NC",
      "zip": "27858-5864",
      "phone": "252-757-0090",
      "transplant_centers": [
        {
          "name": "Wake Forest Baptist Medical Center",
          "code": "NCBG",
          "city": "Greenville",
          "services": [
            "Kidney",
            "Pancreas",
            "Heart",
            "Vascularized Composite Allograft (VCA)"
          ]
        },
        {
          "name": "Duke University Hospital",
          "code": "NCDU",
          "city": "Greenville",
          "services": [
            "Kidney",
            "Pancreas",
            "Liver",
            "Intestine",
            "Heart",
            "Lung",
            "Vascularized Composite Allograft (VCA)"
          ]
        },
        {
          "name": "Vidant Medical Center",
          "code": "NCEC",
          "city": "Greenville",
          "services": [
            "Kidney",
            "Pancreas"
          ]
        },
        {
          "name": "University of North Carolina Hospitals",
          "code": "NCMH",
          "city": "Greenville",
          "services": [
            "Kidney",
            "Pancreas",
            "Liver",
            "Intestine",
            "Heart",
            "Lung"
          ]
        }
      ]
    },
    {
      "dsa_code": "NEOR",
      "name": "Nebraska Organ Recovery System",
      "provider_number": "28P001",
      "city": "Omaha",
      "address": "8502 W Center Rd",
      "state": "NE",
      "zip": "68124-2159",
      "phone": "402-733-1800",
      "transplant_centers": [
        {
          "name": "Children's Hospital & Medical Center",
          "code": "NECH",
          "city": "Omaha",
          "services": [
            "Heart"
          ]
        },
        {
          "name": "The Nebraska Medical Center",
          "code": "NEUN",
          "city": "Omaha",
          "services": [
            "Kidney",
            "Pancreas",
            "Liver",
            "Intestine",
            "Heart",
            "Lung",
            "Vascularized Composite Allograft (VCA)"
          ]
        }
      ]
    },
    {
      "dsa_code": "NJTO",
      "name": "New Jersey Organ and Tissue Sharing Network OPO",
      "provider_number": "31P001",
      "city": "New Providence",
      "address": "691 Central Ave",
      "state": "NJ",
      "zip": "07974-1560",
      "phone": "908-516-5400",
      "transplant_centers": [
        {
          "name": "Newark Beth Israel Medical Center",
          "code": "NJBI",
          "city": "New Providence",
          "services": [
            "Kidney",
            "Heart",
            "Lung"
          ]
        },
        {
          "name": "Hackensack University Medical Center",
          "code": "NJHK",
          "city": "New Providence",
          "services": [
            "Kidney",
            "Pancreas"
          ]
        },
        {
          "name": "Robert Wood Johnson University Hospital",
          "code": "NJRW",
          "city": "New Providence",
          "services": [
            "Heart"
          ]
        },
        {
          "name": "Saint Barnabas Medical Center",
          "code": "NJSB",
          "city": "New Providence",
          "services": [
            "Kidney",
            "Pancreas"
          ]
        },
        {
          "name": "University Hospital",
          "code": "NJUH",
          "city": "New Providence",
          "services": [
            "Liver"
          ]
        }
      ]
    },
    {
      "dsa_code": "NMOP",
      "name": "New Mexico Donor Services",
      "provider_number": "32P001",
      "city": "Albuquerque",
      "address": "1609 University Blvd NE",
      "state": "NM",
      "zip": "87102-1710",
      "phone": "505-843-7672",
      "transplant_centers": [
        {
          "name": "University Hospital, University of New Mexico Health Sciences Center",
          "code": "NMAQ",
          "city": "Albuquerque",
          "services": [
            "Kidney"
          ]
        },
        {
          "name": "Presbyterian Hospital",
          "code": "NMPH",
          "city": "Albuquerque",
          "services": [
            "Kidney",
            "Pancreas"
          ]
        }
      ]
    },
    {
      "dsa_code": "NVLV",
      "name": "Nevada Donor Network",
      "provider_number": "29P001",
      "city": "Las Vegas",
      "address": "2055 E Sahara Ave",
      "state": "NV",
      "zip": "89104-3829",
      "phone": "702-796-9600",
      "transplant_centers": [
        {
          "name": "University Medical Center of Southern Nevada",
          "code": "NVUM",
          "city": "Las Vegas",
          "services": [
            "Kidney"
          ]
        }
      ]
    },
    {
      "dsa_code": "NYAP",
      "name": "Center for Donation and Transplant",
      "provider_number": "33P004",
      "city": "Albany",
      "address": "218 Great Oaks Blvd",
      "state": "NY",
      "zip": "12203-5969",
      "phone": "518-262-5606",
      "transplant_centers": [
        {
          "name": "Albany Medical Center Hospital",
          "code": "NYAM",
          "city": "Albany",
          "services": [
            "Kidney",
            "Pancreas"
          ]
        },
        {
          "name": "The University of Vermont Medical Center",
          "code": "VTMC",
          "city": "Albany",
          "services": [
            "Kidney"
          ]
        }
      ]
    },
    {
      "dsa_code": "NYFL",
      "name": "Finger Lakes Donor Recovery Network",
      "provider_number": "33P005",
      "city": "Rochester",
      "address": "Corporate Woods of Brighton, Bldg 30, Suite 220",
      "state": "NY",
      "zip": "14623",
      "phone": "585-272-4930",
      "transplant_centers": [
        {
          "name": "Strong Memorial Hospital, University of Rochester Medical Center",
          "code": "NYFL",
          "city": "Rochester",
          "services": [
            "Kidney",
            "Pancreas",
            "Liver",
            "Heart"
          ]
        },
        {
          "name": "State University of New York Upstate Medical University",
          "code": "NYUM",
          "city": "Rochester",
          "services": [
            "Kidney",
            "Pancreas"
          ]
        }
      ]
    },
    {
      "dsa_code": "NYRT",
      "name": "LiveOnNY",
      "provider_number": "33P003",
      "city": "New York",
      "address": "460 W 34th St Fl 15",
      "state": "NY",
      "zip": "10001-2320",
      "phone": "646-291-4444",
      "transplant_centers": [
        {
          "name": "Long Island Jewish Medical Center-Cohen Children's Medical Center",
          "code": "NYCC",
          "city": "New York",
          "services": [
            "Kidney"
          ]
        },
        {
          "name": "NY Presbyterian Hospital/Columbia Univ. Medical Center",
          "code": "NYCP",
          "city": "New York",
          "services": [
            "Kidney",
            "Pancreas",
            "Liver",
            "Intestine",
            "Heart",
            "Lung"
          ]
        },
        {
          "name": "State University of New York, Downstate Medical Center",
          "code": "NYDS",
          "city": "New York",
          "services": [
            "Kidney"
          ]
        },
        {
          "name": "Montefiore Medical Center",
          "code": "NYMA",
          "city": "New York",
          "services": [
            "Kidney",
            "Pancreas",
            "Liver",
            "Heart",
            "Lung"
          ]
        },
        {
          "name": "Mount Sinai Medical Center",
          "code": "NYMS",
          "city": "New York",
          "services": [
            "Kidney",
            "Pancreas",
            "Liver",
            "Intestine",
            "Heart",
            "Vascularized Composite Allograft (VCA)"
          ]
        },
        {
          "name": "North Shore University Hospital/Northwell Health",
          "code": "NYNS",
          "city": "New York",
          "services": [
            "Kidney",
            "Heart"
          ]
        },
        {
          "name": "New York-Presbyterian Hospital/Weill Cornell Medical Center",
          "code": "NYNY",
          "city": "New York",
          "services": [
            "Kidney",
            "Pancreas",
            "Pancreas Islet",
            "Liver"
          ]
        },
        {
          "name": "University Hospital of State University of New York at Stony Brook",
          "code": "NYSB",
          "city": "New York",
          "services": [
            "Kidney"
          ]
        },
        {
          "name": "New York University Medical Center",
          "code": "NYUC",
          "city": "New York",
          "services": [
            "Kidney",
            "Liver",
            "Heart",
            "Lung",
            "Vascularized Composite Allograft (VCA)"
          ]
        },
        {
          "name": "James J. Peters VA Medical Center",
          "code": "NYVA",
          "city": "New York",
          "services": [
            "Kidney"
          ]
        },
        {
          "name": "Westchester Medical Center",
          "code": "NYWC",
          "city": "New York",
          "services": [
            "Kidney",
            "Pancreas",
            "Liver",
            "Heart"
          ]
        }
      ]
    },
    {
      "dsa_code": "NYWN",
      "name": "Upstate New York Transplant Services Inc",
      "provider_number": "33P001",
      "city": "Buffalo",
      "address": "110 Broadway St",
      "state": "NY",
      "zip": "14203-1677",
      "phone": "716-853-6667",
      "transplant_centers": [
        {
          "name": "Erie County Medical Center",
          "code": "NYEC",
          "city": "Buffalo",
          "services": [
            "Kidney",
            "Pancreas"
          ]
        }
      ]
    },
    {
      "dsa_code": "OHLB",
      "name": "Lifebanc",
      "provider_number": "36P002",
      "city": "Cleveland",
      "address": "4775 Richmond Rd",
      "state": "OH",
      "zip": "44128-5919",
      "phone": "216-752-5433",
      "transplant_centers": [
        {
          "name": "The Cleveland Clinic Foundation",
          "code": "OHCC",
          "city": "Cleveland",
          "services": [
            "Kidney",
            "Pancreas",
            "Liver",
            "Intestine",
            "Heart",
            "Lung",
            "Vascularized Composite Allograft (VCA)"
          ]
        },
        {
          "name": "University Hospitals of Cleveland",
          "code": "OHUH",
          "city": "Cleveland",
          "services": [
            "Kidney",
            "Pancreas",
            "Liver",
            "Heart",
            "Lung"
          ]
        }
      ]
    },
    {
      "dsa_code": "OHLC",
      "name": "Life Connection of Ohio",
      "provider_number": "36P001",
      "city": "Maumee",
      "address": "3661 Briarfield Blvd Ste 105",
      "state": "OH",
      "zip": "43537-9102",
      "phone": "419-893-4891",
      "transplant_centers": [
        {
          "name": "University of Toledo Medical Center",
          "code": "OHCO",
          "city": "Maumee",
          "services": [
            "Kidney"
          ]
        }
      ]
    },
    {
      "dsa_code": "OHLP",
      "name": "Lifeline of Ohio",
      "provider_number": "36P005",
      "city": "Columbus",
      "address": "770 Kinnear Rd Ste 200",
      "state": "OH",
      "zip": "43212-1472",
      "phone": "614-291-5667",
      "transplant_centers": [
        {
          "name": "Nationwide Children's Hospital",
          "code": "OHCH",
          "city": "Columbus",
          "services": [
            "Kidney",
            "Liver",
            "Heart",
            "Lung"
          ]
        },
        {
          "name": "Ohio State University Medical Center",
          "code": "OHOU",
          "city": "Columbus",
          "services": [
            "Kidney",
            "Pancreas",
            "Pancreas Islet",
            "Liver",
            "Heart",
            "Lung",
            "Vascularized Composite Allograft (VCA)"
          ]
        }
      ]
    },
    {
      "dsa_code": "OHOV",
      "name": "LifeCenter Organ Donor Network",
      "provider_number": "36P003",
      "city": "Cincinnati",
      "address": "615 Elsinore Pl Ste 400",
      "state": "OH",
      "zip": "45202-1475",
      "phone": "513-558-5555",
      "transplant_centers": [
        {
          "name": "Children's Hospital Medical Center",
          "code": "OHCM",
          "city": "Cincinnati",
          "services": [
            "Kidney",
            "Pancreas",
            "Liver",
            "Intestine",
            "Heart",
            "Lung"
          ]
        },
        {
          "name": "The Christ Hospital",
          "code": "OHTC",
          "city": "Cincinnati",
          "services": [
            "Kidney"
          ]
        },
        {
          "name": "University of Cincinnati  Medical Center",
          "code": "OHUC",
          "city": "Cincinnati",
          "services": [
            "Kidney",
            "Pancreas",
            "Liver",
            "Heart"
          ]
        }
      ]
    },
    {
      "dsa_code": "OKOP",
      "name": "LifeShare Transplant Donor Services of Oklahoma",
      "provider_number": "37P002",
      "city": "Oklahoma City",
      "address": "4705 NW Expressway",
      "state": "OK",
      "zip": "73132-5213",
      "phone": "405-840-5551",
      "transplant_centers": [
        {
          "name": "Integris Baptist Medical Center",
          "code": "OKBC",
          "city": "Oklahoma City",
          "services": [
            "Kidney",
            "Pancreas",
            "Liver",
            "Intestine",
            "Heart",
            "Lung"
          ]
        },
        {
          "name": "Children's Hospital of Oklahoma",
          "code": "OKCM",
          "city": "Oklahoma City",
          "services": [
            "Kidney"
          ]
        },
        {
          "name": "OU Medical Center",
          "code": "OKMD",
          "city": "Oklahoma City",
          "services": [
            "Kidney",
            "Pancreas"
          ]
        },
        {
          "name": "Saint Francis Hospital",
          "code": "OKSF",
          "city": "Oklahoma City",
          "services": [
            "Kidney"
          ]
        },
        {
          "name": "St John Medical Center",
          "code": "OKSJ",
          "city": "Oklahoma City",
          "services": [
            "Kidney"
          ]
        }
      ]
    },
    {
      "dsa_code": "ORUO",
      "name": "Pacific Northwest Transplant Bank",
      "provider_number": "38P001",
      "city": "Portland",
      "address": "2611 SW 3rd Ave Ste 320",
      "state": "OR",
      "zip": "97201-4943",
      "phone": "503-494-5560",
      "transplant_centers": [
        {
          "name": "Legacy Good Samaritan Hospital and Medical Center",
          "code": "ORGS",
          "city": "Portland",
          "services": [
            "Kidney"
          ]
        },
        {
          "name": "Oregon Health and Science University",
          "code": "ORUO",
          "city": "Portland",
          "services": [
            "Kidney",
            "Pancreas",
            "Liver",
            "Heart"
          ]
        },
        {
          "name": "VA Portland Health Care System",
          "code": "ORVA",
          "city": "Portland",
          "services": [
            "Kidney",
            "Liver"
          ]
        }
      ]
    },
    {
      "dsa_code": "PADV",
      "name": "Gift of Life Donor Program",
      "provider_number": "39P001",
      "city": "Philadelphia",
      "address": "401 N 3rd St",
      "state": "PA",
      "zip": "19123-4106",
      "phone": "215-557-8090",
      "transplant_centers": [
        {
          "name": "Our Lady of Lourdes Medical Center",
          "code": "NJLL",
          "city": "Philadelphia",
          "services": [
            "Kidney",
            "Pancreas",
            "Liver"
          ]
        },
        {
          "name": "Albert Einstein Medical Center",
          "code": "PAAE",
          "city": "Philadelphia",
          "services": [
            "Kidney",
            "Pancreas",
            "Liver"
          ]
        },
        {
          "name": "Crozer-Chester Medical Center",
          "code": "PACC",
          "city": "Philadelphia",
          "services": [
            "Kidney"
          ]
        },
        {
          "name": "Children's Hospital of Philadelphia",
          "code": "PACP",
          "city": "Philadelphia",
          "services": [
            "Kidney",
            "Liver",
            "Heart",
            "Lung",
            "Vascularized Composite Allograft (VCA)"
          ]
        },
        {
          "name": "Geisinger Medical Center",
          "code": "PAGM",
          "city": "Philadelphia",
          "services": [
            "Kidney",
            "Liver"
          ]
        },
        {
          "name": "Penn State Milton S Hershey Medical Center",
          "code": "PAHE",
          "city": "Philadelphia",
          "services": [
            "Kidney",
            "Pancreas",
            "Liver",
            "Heart"
          ]
        },
        {
          "name": "Pinnacle Health System at Harrisburg Hospital",
          "code": "PAHH",
          "city": "Philadelphia",
          "services": [
            "Kidney",
            "Pancreas"
          ]
        },
        {
          "name": "Hahnemann University Hospital",
          "code": "PAHM",
          "city": "Philadelphia",
          "services": [
            "Kidney",
            "Liver"
          ]
        },
        {
          "name": "The Lankenau Hospital",
          "code": "PALH",
          "city": "Philadelphia",
          "services": [
            "Kidney"
          ]
        },
        {
          "name": "Lehigh Valley Hospital",
          "code": "PALV",
          "city": "Philadelphia",
          "services": [
            "Kidney",
            "Pancreas"
          ]
        },
        {
          "name": "St. Christopher's Hospital for Children",
          "code": "PASC",
          "city": "Philadelphia",
          "services": [
            "Kidney"
          ]
        },
        {
          "name": "Thomas Jefferson University Hospital",
          "code": "PATJ",
          "city": "Philadelphia",
          "services": [
            "Kidney",
            "Pancreas",
            "Liver",
            "Heart"
          ]
        },
        {
          "name": "Temple University Hospital",
          "code": "PATU",
          "city": "Philadelphia",
          "services": [
            "Kidney",
            "Pancreas",
            "Liver",
            "Heart",
            "Lung"
          ]
        },
        {
          "name": "Hospital of the University of Pennsylvania",
          "code": "PAUP",
          "city": "Philadelphia",
          "services": [
            "Kidney",
            "Pancreas",
            "Pancreas Islet",
            "Liver",
            "Heart",
            "Lung",
            "Vascularized Composite Allograft (VCA)"
          ]
        },
        {
          "name": "Alfred I duPont Hospital for Children",
          "code": "DEAI",
          "city": "Philadelphia",
          "services": [
            "Kidney",
            "Pancreas",
            "Liver",
            "Intestine",
            "Heart"
          ]
        },
        {
          "name": "Christiana Care Health Services",
          "code": "DECC",
          "city": "Philadelphia",
          "services": [
            "Kidney"
          ]
        }
      ]
    },
    {
      "dsa_code": "PATF",
      "name": "Center for Organ Recovery and Education",
      "provider_number": "39P002",
      "city": "Pittsburgh",
      "address": "204 Sigma Dr",
      "state": "PA",
      "zip": "15238",
      "phone": "412-963-3550",
      "transplant_centers": [
        {
          "name": "Allegheny General Hospital",
          "code": "PAAG",
          "city": "Pittsburgh",
          "services": [
            "Kidney",
            "Pancreas",
            "Liver",
            "Heart"
          ]
        },
        {
          "name": "Children's Hospital of Pittsburgh of UPMC",
          "code": "PACH",
          "city": "Pittsburgh",
          "services": [
            "Kidney",
            "Pancreas",
            "Liver",
            "Intestine",
            "Heart",
            "Lung"
          ]
        },
        {
          "name": "UPMC Hamot",
          "code": "PAPH",
          "city": "Pittsburgh",
          "services": [
            "Kidney"
          ]
        },
        {
          "name": "University of Pittsburgh Medical Center",
          "code": "PAPT",
          "city": "Pittsburgh",
          "services": [
            "Kidney",
            "Pancreas",
            "Liver",
            "Intestine",
            "Heart",
            "Lung",
            "Vascularized Composite Allograft (VCA)"
          ]
        },
        {
          "name": "VA Pittsburgh Healthcare System",
          "code": "PAVA",
          "city": "Pittsburgh",
          "services": [
            "Kidney",
            "Liver"
          ]
        },
        {
          "name": "Charleston Area Medical Center",
          "code": "WVCA",
          "city": "Pittsburgh",
          "services": [
            "Kidney"
          ]
        }
      ]
    },
    {
      "dsa_code": "PRLL",
      "name": "LifeLink of Puerto Rico",
      "provider_number": "40P002",
      "city": "Guaynabo",
      "address": "1 Calle 1",
      "state": "PR",
      "zip": "00968",
      "phone": "787-277-0900",
      "transplant_centers": [
        {
          "name": "Cardiovascular Center of Puerto Rico and the Caribbean",
          "code": "PRCC",
          "city": "Guaynabo",
          "services": [
            "Heart"
          ]
        },
        {
          "name": "Auxilio Mutuo Hospital",
          "code": "PRSJ",
          "city": "Guaynabo",
          "services": [
            "Kidney",
            "Pancreas",
            "Liver"
          ]
        }
      ]
    },
    {
      "dsa_code": "SCOP",
      "name": "We Are Sharing Hope SC",
      "provider_number": "42P001",
      "city": "Charleston",
      "address": "3950 Faber Place Dr Ste 300",
      "state": "SC",
      "zip": "29405-8516",
      "phone": "843-763-7755",
      "transplant_centers": [
        {
          "name": "MUSC Children's Hospital",
          "code": "SCCH",
          "city": "Charleston",
          "services": [
            "Heart"
          ]
        },
        {
          "name": "Medical University of South Carolina",
          "code": "SCMU",
          "city": "Charleston",
          "services": [
            "Kidney",
            "Pancreas",
            "Liver",
            "Intestine",
            "Heart",
            "Lung"
          ]
        }
      ]
    },
    {
      "dsa_code": "TNDS",
      "name": "Tennessee Donor Services",
      "provider_number": "44P001",
      "city": "Nashville",
      "address": "1714 Hayes St",
      "state": "TN",
      "zip": "37203-3013",
      "phone": "615-234-5251",
      "transplant_centers": [
        {
          "name": "Erlanger Medical Center",
          "code": "TNEM",
          "city": "Nashville",
          "services": [
            "Kidney"
          ]
        },
        {
          "name": "Centennial Medical Center",
          "code": "TNPV",
          "city": "Nashville",
          "services": [
            "Kidney"
          ]
        },
        {
          "name": "Saint Thomas Hospital",
          "code": "TNST",
          "city": "Nashville",
          "services": [
            "Kidney",
            "Heart"
          ]
        },
        {
          "name": "University of Tennessee Medical Center at Knoxville",
          "code": "TNUK",
          "city": "Nashville",
          "services": [
            "Kidney"
          ]
        },
        {
          "name": "Vanderbilt University Medical Center and Nashville VA Medical Center",
          "code": "TNVU",
          "city": "Nashville",
          "services": [
            "Kidney",
            "Pancreas",
            "Liver",
            "Heart",
            "Lung"
          ]
        }
      ]
    },
    {
      "dsa_code": "TNMS",
      "name": "Mid-South Transplant Foundation",
      "provider_number": "44P003",
      "city": "Cordova",
      "address": "8001 Centerview Pkwy Ste 302",
      "state": "TN",
      "zip": "38018-4276",
      "phone": "901-328-4438",
      "transplant_centers": [
        {
          "name": "Baptist Memorial Hospital",
          "code": "TNBM",
          "city": "Cordova",
          "services": [
            "Heart"
          ]
        },
        {
          "name": "Le Bonheur Children's Medical Center",
          "code": "TNLB",
          "city": "Cordova",
          "services": [
            "Kidney",
            "Liver",
            "Heart"
          ]
        },
        {
          "name": "Methodist University Hospital",
          "code": "TNMH",
          "city": "Cordova",
          "services": [
            "Kidney",
            "Pancreas",
            "Liver"
          ]
        }
      ]
    },
    {
      "dsa_code": "TXGC",
      "name": "LifeGift Organ Donation Center",
      "provider_number": "45P003",
      "city": "Houston",
      "address": "2510 Westridge St",
      "state": "TX",
      "zip": "77054-1508",
      "phone": "713-523-4438",
      "transplant_centers": [
        {
          "name": "Baylor  Scott and White All Saints Medical Center-Fort Worth",
          "code": "TXAS",
          "city": "Houston",
          "services": [
            "Kidney",
            "Pancreas",
            "Pancreas Islet",
            "Liver"
          ]
        },
        {
          "name": "Cook Children's Medical Center",
          "code": "TXCF",
          "city": "Houston",
          "services": [
            "Kidney"
          ]
        },
        {
          "name": "Texas Health Harris Methodist Fort Worth Hospital",
          "code": "TXFW",
          "city": "Houston",
          "services": [
            "Kidney"
          ]
        },
        {
          "name": "Memorial Hermann Hospital, University of Texas at Houston",
          "code": "TXHH",
          "city": "Houston",
          "services": [
            "Kidney",
            "Pancreas",
            "Liver",
            "Intestine",
            "Heart",
            "Lung"
          ]
        },
        {
          "name": "CHI St. Luke's Health Baylor College of Medicine Medical Center",
          "code": "TXHI",
          "city": "Houston",
          "services": [
            "Kidney",
            "Liver",
            "Heart",
            "Lung"
          ]
        },
        {
          "name": "Houston Methodist Hospital",
          "code": "TXMH",
          "city": "Houston",
          "services": [
            "Kidney",
            "Pancreas",
            "Pancreas Islet",
            "Liver",
            "Intestine",
            "Heart",
            "Lung",
            "Vascularized Composite Allograft (VCA)"
          ]
        },
        {
          "name": "Medical City Fort Worth",
          "code": "TXPL",
          "city": "Houston",
          "services": [
            "Kidney",
            "Pancreas",
            "Liver"
          ]
        },
        {
          "name": "Texas Children's Hospital",
          "code": "TXTC",
          "city": "Houston",
          "services": [
            "Kidney",
            "Liver",
            "Heart",
            "Lung"
          ]
        },
        {
          "name": "Michael E. DeBakey VA Medical Center",
          "code": "TXVA",
          "city": "Houston",
          "services": [
            "Kidney",
            "Liver"
          ]
        }
      ]
    },
    {
      "dsa_code": "TXSA",
      "name": "Texas Organ Sharing Alliance",
      "provider_number": "45P004",
      "city": "San Antonio",
      "address": "8122 Datapoint Dr Ste 200",
      "state": "TX",
      "zip": "78229-3264",
      "phone": "210-614-7030",
      "transplant_centers": [
        {
          "name": "University Hospital, University of Texas Health Science Center",
          "code": "TXBC",
          "city": "San Antonio",
          "services": [
            "Kidney",
            "Pancreas",
            "Liver",
            "Intestine",
            "Lung"
          ]
        },
        {
          "name": "Seton Medical Center Austin",
          "code": "TXCT",
          "city": "San Antonio",
          "services": [
            "Heart"
          ]
        },
        {
          "name": "North Austin Medical Center",
          "code": "TXDM",
          "city": "San Antonio",
          "services": [
            "Kidney"
          ]
        },
        {
          "name": "Doctor's Hospital at Renaissance",
          "code": "TXDR",
          "city": "San Antonio",
          "services": [
            "Kidney"
          ]
        },
        {
          "name": "Methodist Specialty and Transplant Hospital",
          "code": "TXHS",
          "city": "San Antonio",
          "services": [
            "Kidney",
            "Pancreas",
            "Liver",
            "Heart"
          ]
        },
        {
          "name": "Christus Santa Rosa Hospital Medical Center",
          "code": "TXRM",
          "city": "San Antonio",
          "services": [
            "Kidney"
          ]
        }
      ]
    },
    {
      "dsa_code": "TXSB",
      "name": "Southwest Transplant Alliance",
      "provider_number": "45P002",
      "city": "Dallas",
      "address": "3710 Rawlins St Ste 1100",
      "state": "TX",
      "zip": "75219-6405",
      "phone": "214-522-0255",
      "transplant_centers": [
        {
          "name": "Children's Medical Center of Dallas",
          "code": "TXCM",
          "city": "Dallas",
          "services": [
            "Kidney",
            "Pancreas",
            "Liver",
            "Intestine",
            "Heart"
          ]
        },
        {
          "name": "Driscoll Children's Hospital",
          "code": "TXDC",
          "city": "Dallas",
          "services": [
            "Kidney"
          ]
        },
        {
          "name": "Medical City Dallas Hospital",
          "code": "TXHD",
          "city": "Dallas",
          "services": [
            "Kidney",
            "Pancreas",
            "Heart"
          ]
        },
        {
          "name": "University of Texas Medical Branch at Galveston",
          "code": "TXJS",
          "city": "Dallas",
          "services": [
            "Kidney",
            "Pancreas",
            "Liver",
            "Heart"
          ]
        },
        {
          "name": "Las Palmas Medical Center",
          "code": "TXLP",
          "city": "Dallas",
          "services": [
            "Kidney"
          ]
        },
        {
          "name": "Methodist Dallas Medical Center",
          "code": "TXMC",
          "city": "Dallas",
          "services": [
            "Kidney",
            "Pancreas",
            "Liver",
            "Vascularized Composite Allograft (VCA)"
          ]
        },
        {
          "name": "Parkland Health and Hospital System",
          "code": "TXPM",
          "city": "Dallas",
          "services": [
            "Kidney"
          ]
        },
        {
          "name": "UT Southwestern Medical Center/William P. Clements Jr. University Hospital",
          "code": "TXSP",
          "city": "Dallas",
          "services": [
            "Kidney",
            "Liver",
            "Heart",
            "Lung"
          ]
        },
        {
          "name": "Scott and White Memorial Hospital",
          "code": "TXSW",
          "city": "Dallas",
          "services": [
            "Kidney",
            "Pancreas",
            "Heart"
          ]
        },
        {
          "name": "Baylor University Medical Center",
          "code": "TXTX",
          "city": "Dallas",
          "services": [
            "Kidney",
            "Pancreas",
            "Pancreas Islet",
            "Liver",
            "Intestine",
            "Heart",
            "Lung",
            "Vascularized Composite Allograft (VCA)"
          ]
        }
      ]
    },
    {
      "dsa_code": "UTOP",
      "name": "Intermountain Donor Services",
      "provider_number": "46P001",
      "city": "Salt Lake City",
      "address": "230 S 500 E Ste 290",
      "state": "UT",
      "zip": "84102-2047",
      "phone": "801-521-1755",
      "transplant_centers": [
        {
          "name": "Intermountain Medical Center",
          "code": "UTLD",
          "city": "Salt Lake City",
          "services": [
            "Kidney",
            "Pancreas",
            "Liver",
            "Heart"
          ]
        },
        {
          "name": "University of Utah Medical Center",
          "code": "UTMC",
          "city": "Salt Lake City",
          "services": [
            "Kidney",
            "Pancreas",
            "Liver",
            "Heart",
            "Lung"
          ]
        },
        {
          "name": "Primary Children's Hospital",
          "code": "UTPC",
          "city": "Salt Lake City",
          "services": [
            "Kidney",
            "Liver",
            "Heart"
          ]
        }
      ]
    },
    {
      "dsa_code": "VATB",
      "name": "LifeNet Health",
      "provider_number": "49P001",
      "city": "Virginia Beach",
      "address": "1864 Concert Dr",
      "state": "VA",
      "zip": "23453-1903",
      "phone": "757-464-4761",
      "transplant_centers": [
        {
          "name": "Children's Hospital of the King's Daughters",
          "code": "VACH",
          "city": "Virginia Beach",
          "services": [
            "Kidney"
          ]
        },
        {
          "name": "Henrico Doctors' Hospital",
          "code": "VAHD",
          "city": "Virginia Beach",
          "services": [
            "Kidney"
          ]
        },
        {
          "name": "Medical College of Virginia Hospitals",
          "code": "VAMC",
          "city": "Virginia Beach",
          "services": [
            "Kidney",
            "Pancreas",
            "Pancreas Islet",
            "Liver",
            "Heart"
          ]
        },
        {
          "name": "Hunter Holmes McGuire Veterans Administration Medical Center",
          "code": "VAMV",
          "city": "Virginia Beach",
          "services": [
            "Heart"
          ]
        },
        {
          "name": "Sentara Norfolk General Hospital",
          "code": "VANG",
          "city": "Virginia Beach",
          "services": [
            "Kidney",
            "Pancreas",
            "Heart"
          ]
        },
        {
          "name": "University of Virginia Health Sciences Center",
          "code": "VAUV",
          "city": "Virginia Beach",
          "services": [
            "Kidney",
            "Pancreas",
            "Pancreas Islet",
            "Liver",
            "Heart",
            "Lung"
          ]
        }
      ]
    },
    {
      "dsa_code": "WALC",
      "name": "LifeCenter Northwest",
      "provider_number": "50P003",
      "city": "Bellevue",
      "address": "3650 131st Ave SE Ste 200",
      "state": "WA",
      "zip": "98006-1395",
      "phone": "425-201-6563",
      "transplant_centers": [
        {
          "name": "Seattle Children's Hospital",
          "code": "WACH",
          "city": "Bellevue",
          "services": [
            "Kidney",
            "Pancreas",
            "Liver",
            "Intestine",
            "Heart"
          ]
        },
        {
          "name": "Providence Sacred Heart Medical Center & Children's Hospital",
          "code": "WASH",
          "city": "Bellevue",
          "services": [
            "Kidney",
            "Pancreas",
            "Heart"
          ]
        },
        {
          "name": "Swedish Medical Center",
          "code": "WASM",
          "city": "Bellevue",
          "services": [
            "Kidney",
            "Pancreas",
            "Liver"
          ]
        },
        {
          "name": "University of Washington Medical Center",
          "code": "WAUW",
          "city": "Bellevue",
          "services": [
            "Kidney",
            "Pancreas",
            "Liver",
            "Intestine",
            "Heart",
            "Lung",
            "Vascularized Composite Allograft (VCA)"
          ]
        },
        {
          "name": "Virginia Mason Medical Center",
          "code": "WAVM",
          "city": "Bellevue",
          "services": [
            "Kidney",
            "Pancreas"
          ]
        }
      ]
    },
    {
      "dsa_code": "WIDN",
      "name": "Wisconsin Donor Network",
      "provider_number": "52P002",
      "city": "Milwaukee",
      "address": "638 N 18th St",
      "state": "WI",
      "zip": "53233-2121",
      "phone": "414-937-6999",
      "transplant_centers": [
        {
          "name": "Children's Hospital of Wisconsin",
          "code": "WICH",
          "city": "Milwaukee",
          "services": [
            "Kidney",
            "Liver",
            "Heart"
          ]
        },
        {
          "name": "Froedtert Memorial Lutheran Hospital",
          "code": "WISE",
          "city": "Milwaukee",
          "services": [
            "Kidney",
            "Pancreas",
            "Liver",
            "Heart",
            "Lung"
          ]
        },
        {
          "name": "Aurora St. Luke's Medical Center",
          "code": "WISL",
          "city": "Milwaukee",
          "services": [
            "Kidney",
            "Pancreas",
            "Liver",
            "Heart"
          ]
        }
      ]
    },
    {
      "dsa_code": "WIUW",
      "name": "UW Health Organ and Tissue Donation",
      "provider_number": "52P001",
      "city": "Madison",
      "address": "450 Science Dr Ste 220",
      "state": "WI",
      "zip": "53711-1169",
      "phone": "608-265-0356",
      "transplant_centers": [
        {
          "name": "University of Wisconsin Hospital and Clinics",
          "code": "WIUW",
          "city": "Madison",
          "services": [
            "Kidney",
            "Pancreas",
            "Pancreas Islet",
            "Liver",
            "Intestine",
            "Heart",
            "Lung"
          ]
        }
      ]
    }
  ]
}